threshold,f1,precision,recall,accuracy,tp,fp,tn,fn
0.0,0.9921875,1.0,0.9844961240310077,0.9922480620155039,254,0,258,4
0.001,1.0,1.0,1.0,1.0,258,0,258,0
0.002,1.0,1.0,1.0,1.0,258,0,258,0
0.003,1.0,1.0,1.0,1.0,258,0,258,0
0.004,1.0,1.0,1.0,1.0,258,0,258,0
0.005,1.0,1.0,1.0,1.0,258,0,258,0
0.006,1.0,1.0,1.0,1.0,258,0,258,0
0.007,1.0,1.0,1.0,1.0,258,0,258,0
0.008,1.0,1.0,1.0,1.0,258,0,258,0
0.009,1.0,1.0,1.0,1.0,258,0,258,0
0.01,1.0,1.0,1.0,1.0,258,0,258,0
0.011,1.0,1.0,1.0,1.0,258,0,258,0
0.012,1.0,1.0,1.0,1.0,258,0,258,0
0.013,1.0,1.0,1.0,1.0,258,0,258,0
0.014,1.0,1.0,1.0,1.0,258,0,258,0
0.015,1.0,1.0,1.0,1.0,258,0,258,0
0.016,1.0,1.0,1.0,1.0,258,0,258,0
0.017,1.0,1.0,1.0,1.0,258,0,258,0
0.018,1.0,1.0,1.0,1.0,258,0,258,0
0.019,1.0,1.0,1.0,1.0,258,0,258,0
0.02,1.0,1.0,1.0,1.0,258,0,258,0
0.021,1.0,1.0,1.0,1.0,258,0,258,0
0.022,1.0,1.0,1.0,1.0,258,0,258,0
0.023,1.0,1.0,1.0,1.0,258,0,258,0
0.024,1.0,1.0,1.0,1.0,258,0,258,0
0.025,1.0,1.0,1.0,1.0,258,0,258,0
0.026,1.0,1.0,1.0,1.0,258,0,258,0
0.027,1.0,1.0,1.0,1.0,258,0,258,0
0.028,1.0,1.0,1.0,1.0,258,0,258,0
0.029,1.0,1.0,1.0,1.0,258,0,258,0
0.03,1.0,1.0,1.0,1.0,258,0,258,0
0.031,0.9980657640232108,0.9961389961389961,1.0,0.998062015503876,258,1,257,0
0.032,0.9942196531791908,0.9885057471264368,1.0,0.9941860465116279,258,3,255,0
0.033,0.9942196531791908,0.9885057471264368,1.0,0.9941860465116279,258,3,255,0
0.034,0.9942196531791908,0.9885057471264368,1.0,0.9941860465116279,258,3,255,0
0.035,0.9923076923076923,0.9847328244274809,1.0,0.9922480620155039,258,4,254,0
0.036,0.9923076923076923,0.9847328244274809,1.0,0.9922480620155039,258,4,254,0
0.037,0.9923076923076923,0.9847328244274809,1.0,0.9922480620155039,258,4,254,0
0.038,0.9904030710172744,0.9809885931558935,1.0,0.9903100775193798,258,5,253,0
0.039,0.9904030710172744,0.9809885931558935,1.0,0.9903100775193798,258,5,253,0
0.04,0.9904030710172744,0.9809885931558935,1.0,0.9903100775193798,258,5,253,0
0.041,0.9904030710172744,0.9809885931558935,1.0,0.9903100775193798,258,5,253,0
0.042,0.9904030710172744,0.9809885931558935,1.0,0.9903100775193798,258,5,253,0
0.043,0.9904030710172744,0.9809885931558935,1.0,0.9903100775193798,258,5,253,0
0.044,0.9904030710172744,0.9809885931558935,1.0,0.9903100775193798,258,5,253,0
0.045,0.9904030710172744,0.9809885931558935,1.0,0.9903100775193798,258,5,253,0
0.046,0.9904030710172744,0.9809885931558935,1.0,0.9903100775193798,258,5,253,0
0.047,0.9904030710172744,0.9809885931558935,1.0,0.9903100775193798,258,5,253,0
0.048,0.9904030710172744,0.9809885931558935,1.0,0.9903100775193798,258,5,253,0
0.049,0.9904030710172744,0.9809885931558935,1.0,0.9903100775193798,258,5,253,0
0.05,0.9904030710172744,0.9809885931558935,1.0,0.9903100775193798,258,5,253,0
0.051,0.9904030710172744,0.9809885931558935,1.0,0.9903100775193798,258,5,253,0
0.052,0.9904030710172744,0.9809885931558935,1.0,0.9903100775193798,258,5,253,0
0.053,0.9866156787762906,0.9735849056603774,1.0,0.9864341085271318,258,7,251,0
0.054,0.9847328244274809,0.9699248120300752,1.0,0.9844961240310077,258,8,250,0
0.055,0.9828571428571428,0.9662921348314607,1.0,0.9825581395348837,258,9,249,0
0.056,0.9809885931558935,0.9626865671641791,1.0,0.9806201550387597,258,10,248,0
0.057,0.9809885931558935,0.9626865671641791,1.0,0.9806201550387597,258,10,248,0
0.058,0.9791271347248577,0.9591078066914498,1.0,0.9786821705426356,258,11,247,0
0.059,0.9772727272727273,0.9555555555555556,1.0,0.9767441860465116,258,12,246,0
0.06,0.9772727272727273,0.9555555555555556,1.0,0.9767441860465116,258,12,246,0
0.061,0.9754253308128544,0.9520295202952029,1.0,0.9748062015503876,258,13,245,0
0.062,0.9754253308128544,0.9520295202952029,1.0,0.9748062015503876,258,13,245,0
0.063,0.9735849056603774,0.9485294117647058,1.0,0.9728682170542635,258,14,244,0
0.064,0.9735849056603774,0.9485294117647058,1.0,0.9728682170542635,258,14,244,0
0.065,0.9735849056603774,0.9485294117647058,1.0,0.9728682170542635,258,14,244,0
0.066,0.9717514124293786,0.945054945054945,1.0,0.9709302325581395,258,15,243,0
0.067,0.9699248120300751,0.9416058394160584,1.0,0.9689922480620154,258,16,242,0
0.068,0.9699248120300751,0.9416058394160584,1.0,0.9689922480620154,258,16,242,0
0.069,0.9644859813084112,0.9314079422382672,1.0,0.9631782945736435,258,19,239,0
0.07,0.9626865671641791,0.9280575539568345,1.0,0.9612403100775194,258,20,238,0
0.071,0.9608938547486032,0.9247311827956989,1.0,0.9593023255813954,258,21,237,0
0.072,0.9591078066914498,0.9214285714285714,1.0,0.9573643410852714,258,22,236,0
0.073,0.9573283858998145,0.9181494661921709,1.0,0.9554263565891473,258,23,235,0
0.074,0.9573283858998145,0.9181494661921709,1.0,0.9554263565891473,258,23,235,0
0.075,0.9537892791127541,0.911660777385159,1.0,0.9515503875968992,258,25,233,0
0.076,0.952029520295203,0.9084507042253521,1.0,0.9496124031007752,258,26,232,0
0.077,0.9502762430939227,0.9052631578947369,1.0,0.9476744186046512,258,27,231,0
0.078,0.946788990825688,0.8989547038327527,1.0,0.9437984496124031,258,29,229,0
0.079,0.945054945054945,0.8958333333333334,1.0,0.9418604651162791,258,30,228,0
0.08,0.9416058394160584,0.8896551724137931,1.0,0.937984496124031,258,32,226,0
0.081,0.9398907103825136,0.8865979381443299,1.0,0.936046511627907,258,33,225,0
0.082,0.9381818181818181,0.8835616438356164,1.0,0.9341085271317829,258,34,224,0
0.083,0.9364791288566243,0.8805460750853242,1.0,0.9321705426356589,258,35,223,0
0.084,0.9330922242314648,0.8745762711864407,1.0,0.9282945736434108,258,37,221,0
0.085,0.9297297297297298,0.8686868686868687,1.0,0.9244186046511628,258,39,219,0
0.086,0.9280575539568345,0.8657718120805369,1.0,0.9224806201550387,258,40,218,0
0.087,0.9280575539568345,0.8657718120805369,1.0,0.9224806201550387,258,40,218,0
0.088,0.923076923076923,0.8571428571428571,1.0,0.9166666666666666,258,43,215,0
0.089,0.923076923076923,0.8571428571428571,1.0,0.9166666666666666,258,43,215,0
0.09,0.9214285714285714,0.8543046357615894,1.0,0.9147286821705426,258,44,214,0
0.091,0.9197860962566845,0.8514851485148515,1.0,0.9127906976744186,258,45,213,0
0.092,0.9197860962566845,0.8514851485148515,1.0,0.9127906976744186,258,45,213,0
0.093,0.9181494661921707,0.8486842105263158,1.0,0.9108527131782945,258,46,212,0
0.094,0.91651865008881,0.8459016393442623,1.0,0.9089147286821705,258,47,211,0
0.095,0.91005291005291,0.8349514563106796,1.0,0.9011627906976745,258,51,207,0
0.096,0.91005291005291,0.8349514563106796,1.0,0.9011627906976745,258,51,207,0
0.097,0.9084507042253521,0.832258064516129,1.0,0.8992248062015504,258,52,206,0
0.098,0.9068541300527241,0.8295819935691319,1.0,0.8972868217054264,258,53,205,0
0.099,0.9020979020979021,0.821656050955414,1.0,0.8914728682170543,258,56,202,0
0.1,0.9020979020979021,0.821656050955414,1.0,0.8914728682170543,258,56,202,0
0.101,0.900523560209424,0.819047619047619,1.0,0.8895348837209303,258,57,201,0
0.102,0.8989547038327527,0.8164556962025317,1.0,0.8875968992248062,258,58,200,0
0.103,0.8989547038327527,0.8164556962025317,1.0,0.8875968992248062,258,58,200,0
0.104,0.8989547038327527,0.8164556962025317,1.0,0.8875968992248062,258,58,200,0
0.105,0.8973913043478261,0.8138801261829653,1.0,0.8856589147286822,258,59,199,0
0.106,0.8973913043478261,0.8138801261829653,1.0,0.8856589147286822,258,59,199,0
0.107,0.8973913043478261,0.8138801261829653,1.0,0.8856589147286822,258,59,199,0
0.108,0.8973913043478261,0.8138801261829653,1.0,0.8856589147286822,258,59,199,0
0.109,0.8927335640138409,0.80625,1.0,0.8798449612403101,258,62,196,0
0.11,0.8927335640138409,0.80625,1.0,0.8798449612403101,258,62,196,0
0.111,0.889655172413793,0.8012422360248447,1.0,0.875968992248062,258,64,194,0
0.112,0.889655172413793,0.8012422360248447,1.0,0.875968992248062,258,64,194,0
0.113,0.889655172413793,0.8012422360248447,1.0,0.875968992248062,258,64,194,0
0.114,0.8850771869639794,0.7938461538461539,1.0,0.8701550387596899,258,67,191,0
0.115,0.8805460750853242,0.7865853658536586,1.0,0.8643410852713178,258,70,188,0
0.116,0.879045996592845,0.78419452887538,1.0,0.8624031007751938,258,71,187,0
0.117,0.879045996592845,0.78419452887538,1.0,0.8624031007751938,258,71,187,0
0.118,0.8760611205432937,0.7794561933534743,1.0,0.8585271317829457,258,73,185,0
0.119,0.8730964467005076,0.7747747747747747,1.0,0.8546511627906976,258,75,183,0
0.12,0.8716216216216216,0.7724550898203593,1.0,0.8527131782945736,258,76,182,0
0.121,0.8701517706576728,0.7701492537313432,1.0,0.8507751937984496,258,77,181,0
0.122,0.8686868686868687,0.7678571428571429,1.0,0.8488372093023255,258,78,180,0
0.123,0.8672268907563025,0.7655786350148368,1.0,0.8468992248062015,258,79,179,0
0.124,0.8657718120805369,0.7633136094674556,1.0,0.8449612403100775,258,80,178,0
0.125,0.862876254180602,0.7588235294117647,1.0,0.8410852713178295,258,82,176,0
0.126,0.86,0.7543859649122807,1.0,0.8372093023255814,258,84,174,0
0.127,0.8585690515806987,0.7521865889212828,1.0,0.8352713178294574,258,85,173,0
0.128,0.8571428571428571,0.75,1.0,0.8333333333333334,258,86,172,0
0.129,0.8514851485148515,0.7413793103448276,1.0,0.8255813953488372,258,90,168,0
0.13,0.8486842105263157,0.7371428571428571,1.0,0.8217054263565892,258,92,166,0
0.131,0.8459016393442622,0.7329545454545454,1.0,0.8178294573643411,258,94,164,0
0.132,0.8431372549019608,0.7288135593220338,1.0,0.813953488372093,258,96,162,0
0.133,0.8403908794788273,0.7247191011235955,1.0,0.810077519379845,258,98,160,0
0.134,0.8376623376623377,0.7206703910614525,1.0,0.8062015503875969,258,100,158,0
0.135,0.8336025848142165,0.7146814404432132,1.0,0.8003875968992248,258,103,155,0
0.136,0.832258064516129,0.712707182320442,1.0,0.7984496124031008,258,104,154,0
0.137,0.832258064516129,0.712707182320442,1.0,0.7984496124031008,258,104,154,0
0.138,0.8282504012841091,0.7068493150684931,1.0,0.7926356589147286,258,107,151,0
0.139,0.8256000000000001,0.7029972752043597,1.0,0.7887596899224806,258,109,149,0
0.14,0.8242811501597443,0.7010869565217391,1.0,0.7868217054263565,258,110,148,0
0.141,0.821656050955414,0.6972972972972973,1.0,0.7829457364341085,258,112,146,0
0.142,0.821656050955414,0.6972972972972973,1.0,0.7829457364341085,258,112,146,0
0.143,0.8190476190476191,0.6935483870967742,1.0,0.7790697674418605,258,114,144,0
0.144,0.8177496038034865,0.6916890080428955,1.0,0.7771317829457365,258,115,143,0
0.145,0.8164556962025316,0.6898395721925134,1.0,0.7751937984496124,258,116,142,0
0.146,0.8164556962025316,0.6898395721925134,1.0,0.7751937984496124,258,116,142,0
0.147,0.8138801261829653,0.6861702127659575,1.0,0.7713178294573644,258,118,140,0
0.148,0.8087774294670846,0.6789473684210526,1.0,0.7635658914728682,258,122,136,0
0.149,0.8087774294670846,0.6789473684210526,1.0,0.7635658914728682,258,122,136,0
0.15,0.8087774294670846,0.6789473684210526,1.0,0.7635658914728682,258,122,136,0
0.151,0.80625,0.675392670157068,1.0,0.7596899224806202,258,124,134,0
0.152,0.80248833592535,0.6701298701298701,1.0,0.7538759689922481,258,127,131,0
0.153,0.80248833592535,0.6701298701298701,1.0,0.7538759689922481,258,127,131,0
0.154,0.8012422360248447,0.6683937823834197,1.0,0.751937984496124,258,128,130,0
0.155,0.8012422360248447,0.6683937823834197,1.0,0.751937984496124,258,128,130,0
0.156,0.8,0.6666666666666666,1.0,0.75,258,129,129,0
0.157,0.7987616099071208,0.6649484536082474,1.0,0.748062015503876,258,130,128,0
0.158,0.7987616099071208,0.6649484536082474,1.0,0.748062015503876,258,130,128,0
0.159,0.7962962962962964,0.6615384615384615,1.0,0.7441860465116279,258,132,126,0
0.16,0.7914110429447853,0.6548223350253807,1.0,0.7364341085271318,258,136,122,0
0.161,0.7889908256880734,0.6515151515151515,1.0,0.7325581395348837,258,138,120,0
0.162,0.7877862595419848,0.6498740554156172,1.0,0.7306201550387597,258,139,119,0
0.163,0.7877862595419848,0.6498740554156172,1.0,0.7306201550387597,258,139,119,0
0.164,0.7877862595419848,0.6498740554156172,1.0,0.7306201550387597,258,139,119,0
0.165,0.7865853658536586,0.6482412060301508,1.0,0.7286821705426356,258,140,118,0
0.166,0.7865853658536586,0.6482412060301508,1.0,0.7286821705426356,258,140,118,0
0.167,0.7865853658536586,0.6482412060301508,1.0,0.7286821705426356,258,140,118,0
0.168,0.78419452887538,0.645,1.0,0.7248062015503876,258,142,116,0
0.169,0.78419452887538,0.645,1.0,0.7248062015503876,258,142,116,0
0.17,0.7830045523520485,0.6433915211970075,1.0,0.7228682170542635,258,143,115,0
0.171,0.7806354009077157,0.6401985111662531,1.0,0.7189922480620154,258,145,113,0
0.172,0.7782805429864253,0.6370370370370371,1.0,0.7151162790697675,258,147,111,0
0.173,0.7771084337349398,0.6354679802955665,1.0,0.7131782945736435,258,148,110,0
0.174,0.7771084337349398,0.6354679802955665,1.0,0.7131782945736435,258,148,110,0
0.175,0.7759398496240602,0.6339066339066339,1.0,0.7112403100775194,258,149,109,0
0.176,0.7747747747747747,0.6323529411764706,1.0,0.7093023255813954,258,150,108,0
0.177,0.7724550898203593,0.6292682926829268,1.0,0.7054263565891473,258,152,106,0
0.178,0.7713004484304933,0.6277372262773723,1.0,0.7034883720930233,258,153,105,0
0.179,0.7713004484304933,0.6277372262773723,1.0,0.7034883720930233,258,153,105,0
0.18,0.7701492537313434,0.6262135922330098,1.0,0.7015503875968992,258,154,104,0
0.181,0.7701492537313434,0.6262135922330098,1.0,0.7015503875968992,258,154,104,0
0.182,0.7701492537313434,0.6262135922330098,1.0,0.7015503875968992,258,154,104,0
0.183,0.7690014903129657,0.6246973365617433,1.0,0.6996124031007752,258,155,103,0
0.184,0.7667161961367013,0.6216867469879518,1.0,0.6957364341085271,258,157,101,0
0.185,0.7655786350148368,0.6201923076923077,1.0,0.6937984496124031,258,158,100,0
0.186,0.7644444444444444,0.6187050359712231,1.0,0.6918604651162791,258,159,99,0
0.187,0.7633136094674556,0.6172248803827751,1.0,0.689922480620155,258,160,98,0
0.188,0.7633136094674556,0.6172248803827751,1.0,0.689922480620155,258,160,98,0
0.189,0.7621861152141801,0.6157517899761337,1.0,0.687984496124031,258,161,97,0
0.19,0.7621861152141801,0.6157517899761337,1.0,0.687984496124031,258,161,97,0
0.191,0.7599410898379971,0.6128266033254157,1.0,0.6841085271317829,258,163,95,0
0.192,0.7565982404692082,0.6084905660377359,1.0,0.6782945736434108,258,166,92,0
0.193,0.7532846715328467,0.6042154566744731,1.0,0.6724806201550387,258,169,89,0
0.194,0.7532846715328467,0.6042154566744731,1.0,0.6724806201550387,258,169,89,0
0.195,0.7510917030567685,0.6013986013986014,1.0,0.6686046511627907,258,171,87,0
0.196,0.7478260869565216,0.5972222222222222,1.0,0.6627906976744186,258,174,84,0
0.197,0.7456647398843931,0.5944700460829493,1.0,0.6589147286821705,258,176,82,0
0.198,0.7445887445887446,0.593103448275862,1.0,0.6569767441860465,258,177,81,0
0.199,0.7435158501440923,0.591743119266055,1.0,0.6550387596899225,258,178,80,0
0.2,0.7413793103448275,0.589041095890411,1.0,0.6511627906976745,258,180,78,0
0.201,0.7413793103448275,0.589041095890411,1.0,0.6511627906976745,258,180,78,0
0.202,0.7392550143266474,0.5863636363636363,1.0,0.6472868217054264,258,182,76,0
0.203,0.7371428571428571,0.583710407239819,1.0,0.6434108527131783,258,184,74,0
0.204,0.7360912981455064,0.582392776523702,1.0,0.6414728682170543,258,185,73,0
0.205,0.7360912981455064,0.582392776523702,1.0,0.6414728682170543,258,185,73,0
0.206,0.7360912981455064,0.582392776523702,1.0,0.6414728682170543,258,185,73,0
0.207,0.7360912981455064,0.582392776523702,1.0,0.6414728682170543,258,185,73,0
0.208,0.7339971550497867,0.5797752808988764,1.0,0.6375968992248062,258,187,71,0
0.209,0.7339971550497867,0.5797752808988764,1.0,0.6375968992248062,258,187,71,0
0.21,0.7319148936170213,0.5771812080536913,1.0,0.6337209302325582,258,189,69,0
0.211,0.7308781869688384,0.5758928571428571,1.0,0.6317829457364341,258,190,68,0
0.212,0.7308781869688384,0.5758928571428571,1.0,0.6317829457364341,258,190,68,0
0.213,0.7298444130127298,0.5746102449888641,1.0,0.6298449612403101,258,191,67,0
0.214,0.7298444130127298,0.5746102449888641,1.0,0.6298449612403101,258,191,67,0
0.215,0.7298444130127298,0.5746102449888641,1.0,0.6298449612403101,258,191,67,0
0.216,0.728813559322034,0.5733333333333334,1.0,0.627906976744186,258,192,66,0
0.217,0.728813559322034,0.5733333333333334,1.0,0.627906976744186,258,192,66,0
0.218,0.728813559322034,0.5733333333333334,1.0,0.627906976744186,258,192,66,0
0.219,0.728813559322034,0.5733333333333334,1.0,0.627906976744186,258,192,66,0
0.22,0.7277856135401974,0.5720620842572062,1.0,0.625968992248062,258,193,65,0
0.221,0.7277856135401974,0.5720620842572062,1.0,0.625968992248062,258,193,65,0
0.222,0.7277856135401974,0.5720620842572062,1.0,0.625968992248062,258,193,65,0
0.223,0.7257383966244726,0.5695364238410596,1.0,0.622093023255814,258,195,63,0
0.224,0.7257383966244726,0.5695364238410596,1.0,0.622093023255814,258,195,63,0
0.225,0.7257383966244726,0.5695364238410596,1.0,0.622093023255814,258,195,63,0
0.226,0.7247191011235955,0.5682819383259912,1.0,0.6201550387596899,258,196,62,0
0.227,0.7247191011235955,0.5682819383259912,1.0,0.6201550387596899,258,196,62,0
0.228,0.7247191011235955,0.5682819383259912,1.0,0.6201550387596899,258,196,62,0
0.229,0.7247191011235955,0.5682819383259912,1.0,0.6201550387596899,258,196,62,0
0.23,0.7247191011235955,0.5682819383259912,1.0,0.6201550387596899,258,196,62,0
0.231,0.7247191011235955,0.5682819383259912,1.0,0.6201550387596899,258,196,62,0
0.232,0.7247191011235955,0.5682819383259912,1.0,0.6201550387596899,258,196,62,0
0.233,0.7247191011235955,0.5682819383259912,1.0,0.6201550387596899,258,196,62,0
0.234,0.7237026647966339,0.567032967032967,1.0,0.6182170542635659,258,197,61,0
0.235,0.7237026647966339,0.567032967032967,1.0,0.6182170542635659,258,197,61,0
0.236,0.7237026647966339,0.567032967032967,1.0,0.6182170542635659,258,197,61,0
0.237,0.7226890756302521,0.5657894736842105,1.0,0.6162790697674418,258,198,60,0
0.238,0.7226890756302521,0.5657894736842105,1.0,0.6162790697674418,258,198,60,0
0.239,0.7226890756302521,0.5657894736842105,1.0,0.6162790697674418,258,198,60,0
0.24,0.7226890756302521,0.5657894736842105,1.0,0.6162790697674418,258,198,60,0
0.241,0.7216783216783218,0.5645514223194749,1.0,0.6143410852713178,258,199,59,0
0.242,0.7216783216783218,0.5645514223194749,1.0,0.6143410852713178,258,199,59,0
0.243,0.7216783216783218,0.5645514223194749,1.0,0.6143410852713178,258,199,59,0
0.244,0.7216783216783218,0.5645514223194749,1.0,0.6143410852713178,258,199,59,0
0.245,0.7216783216783218,0.5645514223194749,1.0,0.6143410852713178,258,199,59,0
0.246,0.7216783216783218,0.5645514223194749,1.0,0.6143410852713178,258,199,59,0
0.247,0.7216783216783218,0.5645514223194749,1.0,0.6143410852713178,258,199,59,0
0.248,0.7216783216783218,0.5645514223194749,1.0,0.6143410852713178,258,199,59,0
0.249,0.7206703910614526,0.5633187772925764,1.0,0.6124031007751938,258,200,58,0
0.25,0.7186629526462395,0.5608695652173913,1.0,0.6085271317829457,258,202,56,0
0.251,0.717663421418637,0.559652928416486,1.0,0.6065891472868217,258,203,55,0
0.252,0.717663421418637,0.559652928416486,1.0,0.6065891472868217,258,203,55,0
0.253,0.717663421418637,0.559652928416486,1.0,0.6065891472868217,258,203,55,0
0.254,0.717663421418637,0.559652928416486,1.0,0.6065891472868217,258,203,55,0
0.255,0.7166666666666666,0.5584415584415584,1.0,0.6046511627906976,258,204,54,0
0.256,0.7166666666666666,0.5584415584415584,1.0,0.6046511627906976,258,204,54,0
0.257,0.7166666666666666,0.5584415584415584,1.0,0.6046511627906976,258,204,54,0
0.258,0.7166666666666666,0.5584415584415584,1.0,0.6046511627906976,258,204,54,0
0.259,0.7166666666666666,0.5584415584415584,1.0,0.6046511627906976,258,204,54,0
0.26,0.7166666666666666,0.5584415584415584,1.0,0.6046511627906976,258,204,54,0
0.261,0.7166666666666666,0.5584415584415584,1.0,0.6046511627906976,258,204,54,0
0.262,0.7166666666666666,0.5584415584415584,1.0,0.6046511627906976,258,204,54,0
0.263,0.7166666666666666,0.5584415584415584,1.0,0.6046511627906976,258,204,54,0
0.264,0.7156726768377253,0.5572354211663066,1.0,0.6027131782945736,258,205,53,0
0.265,0.7156726768377253,0.5572354211663066,1.0,0.6027131782945736,258,205,53,0
0.266,0.7156726768377253,0.5572354211663066,1.0,0.6027131782945736,258,205,53,0
0.267,0.7146814404432134,0.5560344827586207,1.0,0.6007751937984496,258,206,52,0
0.268,0.7146814404432134,0.5560344827586207,1.0,0.6007751937984496,258,206,52,0
0.269,0.7146814404432134,0.5560344827586207,1.0,0.6007751937984496,258,206,52,0
0.27,0.7146814404432134,0.5560344827586207,1.0,0.6007751937984496,258,206,52,0
0.271,0.7136929460580913,0.5548387096774193,1.0,0.5988372093023255,258,207,51,0
0.272,0.7117241379310344,0.5524625267665952,1.0,0.5949612403100775,258,209,49,0
0.273,0.7107438016528926,0.5512820512820513,1.0,0.5930232558139535,258,210,48,0
0.274,0.7097661623108666,0.5501066098081023,1.0,0.5910852713178295,258,211,47,0
0.275,0.7097661623108666,0.5501066098081023,1.0,0.5910852713178295,258,211,47,0
0.276,0.7078189300411523,0.5477707006369427,1.0,0.5872093023255814,258,213,45,0
0.277,0.7068493150684931,0.5466101694915254,1.0,0.5852713178294574,258,214,44,0
0.278,0.7068493150684931,0.5466101694915254,1.0,0.5852713178294574,258,214,44,0
0.279,0.7068493150684931,0.5466101694915254,1.0,0.5852713178294574,258,214,44,0
0.28,0.7068493150684931,0.5466101694915254,1.0,0.5852713178294574,258,214,44,0
0.281,0.7058823529411764,0.5454545454545454,1.0,0.5833333333333334,258,215,43,0
0.282,0.7039563437926329,0.5431578947368421,1.0,0.5794573643410853,258,217,41,0
0.283,0.7029972752043597,0.542016806722689,1.0,0.5775193798449613,258,218,40,0
0.284,0.7029972752043597,0.542016806722689,1.0,0.5775193798449613,258,218,40,0
0.285,0.7029972752043597,0.542016806722689,1.0,0.5775193798449613,258,218,40,0
0.286,0.7029972752043597,0.542016806722689,1.0,0.5775193798449613,258,218,40,0
0.287,0.7029972752043597,0.542016806722689,1.0,0.5775193798449613,258,218,40,0
0.288,0.7029972752043597,0.542016806722689,1.0,0.5775193798449613,258,218,40,0
0.289,0.7029972752043597,0.542016806722689,1.0,0.5775193798449613,258,218,40,0
0.29,0.7020408163265307,0.5408805031446541,1.0,0.5755813953488372,258,219,39,0
0.291,0.7020408163265307,0.5408805031446541,1.0,0.5755813953488372,258,219,39,0
0.292,0.7020408163265307,0.5408805031446541,1.0,0.5755813953488372,258,219,39,0
0.293,0.7010869565217391,0.5397489539748954,1.0,0.5736434108527132,258,220,38,0
0.294,0.7010869565217391,0.5397489539748954,1.0,0.5736434108527132,258,220,38,0
0.295,0.7010869565217391,0.5397489539748954,1.0,0.5736434108527132,258,220,38,0
0.296,0.7010869565217391,0.5397489539748954,1.0,0.5736434108527132,258,220,38,0
0.297,0.7010869565217391,0.5397489539748954,1.0,0.5736434108527132,258,220,38,0
0.298,0.700135685210312,0.5386221294363257,1.0,0.5717054263565892,258,221,37,0
0.299,0.700135685210312,0.5386221294363257,1.0,0.5717054263565892,258,221,37,0
0.3,0.6991869918699186,0.5375,1.0,0.5697674418604651,258,222,36,0
0.301,0.6991869918699186,0.5375,1.0,0.5697674418604651,258,222,36,0
0.302,0.6991869918699186,0.5375,1.0,0.5697674418604651,258,222,36,0
0.303,0.6991869918699186,0.5375,1.0,0.5697674418604651,258,222,36,0
0.304,0.6991869918699186,0.5375,1.0,0.5697674418604651,258,222,36,0
0.305,0.6982408660351828,0.5363825363825364,1.0,0.5678294573643411,258,223,35,0
0.306,0.6982408660351828,0.5363825363825364,1.0,0.5678294573643411,258,223,35,0
0.307,0.6982408660351828,0.5363825363825364,1.0,0.5678294573643411,258,223,35,0
0.308,0.6982408660351828,0.5363825363825364,1.0,0.5678294573643411,258,223,35,0
0.309,0.6982408660351828,0.5363825363825364,1.0,0.5678294573643411,258,223,35,0
0.31,0.6982408660351828,0.5363825363825364,1.0,0.5678294573643411,258,223,35,0
0.311,0.6982408660351828,0.5363825363825364,1.0,0.5678294573643411,258,223,35,0
0.312,0.6982408660351828,0.5363825363825364,1.0,0.5678294573643411,258,223,35,0
0.313,0.6982408660351828,0.5363825363825364,1.0,0.5678294573643411,258,223,35,0
0.314,0.6982408660351828,0.5363825363825364,1.0,0.5678294573643411,258,223,35,0
0.315,0.6982408660351828,0.5363825363825364,1.0,0.5678294573643411,258,223,35,0
0.316,0.6982408660351828,0.5363825363825364,1.0,0.5678294573643411,258,223,35,0
0.317,0.6982408660351828,0.5363825363825364,1.0,0.5678294573643411,258,223,35,0
0.318,0.6982408660351828,0.5363825363825364,1.0,0.5678294573643411,258,223,35,0
0.319,0.6982408660351828,0.5363825363825364,1.0,0.5678294573643411,258,223,35,0
0.32,0.6982408660351828,0.5363825363825364,1.0,0.5678294573643411,258,223,35,0
0.321,0.6982408660351828,0.5363825363825364,1.0,0.5678294573643411,258,223,35,0
0.322,0.6982408660351828,0.5363825363825364,1.0,0.5678294573643411,258,223,35,0
0.323,0.6982408660351828,0.5363825363825364,1.0,0.5678294573643411,258,223,35,0
0.324,0.6982408660351828,0.5363825363825364,1.0,0.5678294573643411,258,223,35,0
0.325,0.6982408660351828,0.5363825363825364,1.0,0.5678294573643411,258,223,35,0
0.326,0.6972972972972973,0.5352697095435685,1.0,0.5658914728682171,258,224,34,0
0.327,0.6972972972972973,0.5352697095435685,1.0,0.5658914728682171,258,224,34,0
0.328,0.6972972972972973,0.5352697095435685,1.0,0.5658914728682171,258,224,34,0
0.329,0.6963562753036437,0.5341614906832298,1.0,0.563953488372093,258,225,33,0
0.33,0.6963562753036437,0.5341614906832298,1.0,0.563953488372093,258,225,33,0
0.331,0.6963562753036437,0.5341614906832298,1.0,0.563953488372093,258,225,33,0
0.332,0.6954177897574124,0.5330578512396694,1.0,0.562015503875969,258,226,32,0
0.333,0.6954177897574124,0.5330578512396694,1.0,0.562015503875969,258,226,32,0
0.334,0.6954177897574124,0.5330578512396694,1.0,0.562015503875969,258,226,32,0
0.335,0.6954177897574124,0.5330578512396694,1.0,0.562015503875969,258,226,32,0
0.336,0.6954177897574124,0.5330578512396694,1.0,0.562015503875969,258,226,32,0
0.337,0.6954177897574124,0.5330578512396694,1.0,0.562015503875969,258,226,32,0
0.338,0.6954177897574124,0.5330578512396694,1.0,0.562015503875969,258,226,32,0
0.339,0.6954177897574124,0.5330578512396694,1.0,0.562015503875969,258,226,32,0
0.34,0.6954177897574124,0.5330578512396694,1.0,0.562015503875969,258,226,32,0
0.341,0.6954177897574124,0.5330578512396694,1.0,0.562015503875969,258,226,32,0
0.342,0.6935483870967741,0.5308641975308642,1.0,0.5581395348837209,258,228,30,0
0.343,0.6935483870967741,0.5308641975308642,1.0,0.5581395348837209,258,228,30,0
0.344,0.6935483870967741,0.5308641975308642,1.0,0.5581395348837209,258,228,30,0
0.345,0.6935483870967741,0.5308641975308642,1.0,0.5581395348837209,258,228,30,0
0.346,0.6935483870967741,0.5308641975308642,1.0,0.5581395348837209,258,228,30,0
0.347,0.6935483870967741,0.5308641975308642,1.0,0.5581395348837209,258,228,30,0
0.348,0.6935483870967741,0.5308641975308642,1.0,0.5581395348837209,258,228,30,0
0.349,0.6926174496644295,0.5297741273100616,1.0,0.5562015503875969,258,229,29,0
0.35,0.6916890080428953,0.5286885245901639,1.0,0.5542635658914729,258,230,28,0
0.351,0.6916890080428953,0.5286885245901639,1.0,0.5542635658914729,258,230,28,0
0.352,0.6916890080428953,0.5286885245901639,1.0,0.5542635658914729,258,230,28,0
0.353,0.6916890080428953,0.5286885245901639,1.0,0.5542635658914729,258,230,28,0
0.354,0.6916890080428953,0.5286885245901639,1.0,0.5542635658914729,258,230,28,0
0.355,0.6916890080428953,0.5286885245901639,1.0,0.5542635658914729,258,230,28,0
0.356,0.6916890080428953,0.5286885245901639,1.0,0.5542635658914729,258,230,28,0
0.357,0.6907630522088353,0.5276073619631901,1.0,0.5523255813953488,258,231,27,0
0.358,0.6898395721925134,0.5265306122448979,1.0,0.5503875968992248,258,232,26,0
0.359,0.6898395721925134,0.5265306122448979,1.0,0.5503875968992248,258,232,26,0
0.36,0.6889185580774365,0.5254582484725051,1.0,0.5484496124031008,258,233,25,0
0.361,0.6889185580774365,0.5254582484725051,1.0,0.5484496124031008,258,233,25,0
0.362,0.6880000000000001,0.524390243902439,1.0,0.5465116279069767,258,234,24,0
0.363,0.6880000000000001,0.524390243902439,1.0,0.5465116279069767,258,234,24,0
0.364,0.6880000000000001,0.524390243902439,1.0,0.5465116279069767,258,234,24,0
0.365,0.6880000000000001,0.524390243902439,1.0,0.5465116279069767,258,234,24,0
0.366,0.6880000000000001,0.524390243902439,1.0,0.5465116279069767,258,234,24,0
0.367,0.6880000000000001,0.524390243902439,1.0,0.5465116279069767,258,234,24,0
0.368,0.6870838881491345,0.5233265720081136,1.0,0.5445736434108527,258,235,23,0
0.369,0.6870838881491345,0.5233265720081136,1.0,0.5445736434108527,258,235,23,0
0.37,0.6870838881491345,0.5233265720081136,1.0,0.5445736434108527,258,235,23,0
0.371,0.6870838881491345,0.5233265720081136,1.0,0.5445736434108527,258,235,23,0
0.372,0.6870838881491345,0.5233265720081136,1.0,0.5445736434108527,258,235,23,0
0.373,0.6870838881491345,0.5233265720081136,1.0,0.5445736434108527,258,235,23,0
0.374,0.6870838881491345,0.5233265720081136,1.0,0.5445736434108527,258,235,23,0
0.375,0.6870838881491345,0.5233265720081136,1.0,0.5445736434108527,258,235,23,0
0.376,0.6870838881491345,0.5233265720081136,1.0,0.5445736434108527,258,235,23,0
0.377,0.6861702127659575,0.5222672064777328,1.0,0.5426356589147286,258,236,22,0
0.378,0.6861702127659575,0.5222672064777328,1.0,0.5426356589147286,258,236,22,0
0.379,0.6861702127659575,0.5222672064777328,1.0,0.5426356589147286,258,236,22,0
0.38,0.6861702127659575,0.5222672064777328,1.0,0.5426356589147286,258,236,22,0
0.381,0.6861702127659575,0.5222672064777328,1.0,0.5426356589147286,258,236,22,0
0.382,0.6861702127659575,0.5222672064777328,1.0,0.5426356589147286,258,236,22,0
0.383,0.6861702127659575,0.5222672064777328,1.0,0.5426356589147286,258,236,22,0
0.384,0.6861702127659575,0.5222672064777328,1.0,0.5426356589147286,258,236,22,0
0.385,0.6861702127659575,0.5222672064777328,1.0,0.5426356589147286,258,236,22,0
0.386,0.6861702127659575,0.5222672064777328,1.0,0.5426356589147286,258,236,22,0
0.387,0.6861702127659575,0.5222672064777328,1.0,0.5426356589147286,258,236,22,0
0.388,0.6861702127659575,0.5222672064777328,1.0,0.5426356589147286,258,236,22,0
0.389,0.6861702127659575,0.5222672064777328,1.0,0.5426356589147286,258,236,22,0
0.39,0.6861702127659575,0.5222672064777328,1.0,0.5426356589147286,258,236,22,0
0.391,0.6861702127659575,0.5222672064777328,1.0,0.5426356589147286,258,236,22,0
0.392,0.6861702127659575,0.5222672064777328,1.0,0.5426356589147286,258,236,22,0
0.393,0.6861702127659575,0.5222672064777328,1.0,0.5426356589147286,258,236,22,0
0.394,0.6861702127659575,0.5222672064777328,1.0,0.5426356589147286,258,236,22,0
0.395,0.6861702127659575,0.5222672064777328,1.0,0.5426356589147286,258,236,22,0
0.396,0.6861702127659575,0.5222672064777328,1.0,0.5426356589147286,258,236,22,0
0.397,0.6852589641434264,0.5212121212121212,1.0,0.5406976744186046,258,237,21,0
0.398,0.6852589641434264,0.5212121212121212,1.0,0.5406976744186046,258,237,21,0
0.399,0.6852589641434264,0.5212121212121212,1.0,0.5406976744186046,258,237,21,0
0.4,0.6852589641434264,0.5212121212121212,1.0,0.5406976744186046,258,237,21,0
0.401,0.6852589641434264,0.5212121212121212,1.0,0.5406976744186046,258,237,21,0
0.402,0.6852589641434264,0.5212121212121212,1.0,0.5406976744186046,258,237,21,0
0.403,0.6852589641434264,0.5212121212121212,1.0,0.5406976744186046,258,237,21,0
0.404,0.6852589641434264,0.5212121212121212,1.0,0.5406976744186046,258,237,21,0
0.405,0.6852589641434264,0.5212121212121212,1.0,0.5406976744186046,258,237,21,0
0.406,0.6852589641434264,0.5212121212121212,1.0,0.5406976744186046,258,237,21,0
0.407,0.6852589641434264,0.5212121212121212,1.0,0.5406976744186046,258,237,21,0
0.408,0.6852589641434264,0.5212121212121212,1.0,0.5406976744186046,258,237,21,0
0.409,0.6852589641434264,0.5212121212121212,1.0,0.5406976744186046,258,237,21,0
0.41,0.6852589641434264,0.5212121212121212,1.0,0.5406976744186046,258,237,21,0
0.411,0.6852589641434264,0.5212121212121212,1.0,0.5406976744186046,258,237,21,0
0.412,0.6834437086092714,0.5191146881287726,1.0,0.5368217054263565,258,239,19,0
0.413,0.6834437086092714,0.5191146881287726,1.0,0.5368217054263565,258,239,19,0
0.414,0.6834437086092714,0.5191146881287726,1.0,0.5368217054263565,258,239,19,0
0.415,0.6834437086092714,0.5191146881287726,1.0,0.5368217054263565,258,239,19,0
0.416,0.6834437086092714,0.5191146881287726,1.0,0.5368217054263565,258,239,19,0
0.417,0.6825396825396826,0.5180722891566265,1.0,0.5348837209302325,258,240,18,0
0.418,0.6825396825396826,0.5180722891566265,1.0,0.5348837209302325,258,240,18,0
0.419,0.6825396825396826,0.5180722891566265,1.0,0.5348837209302325,258,240,18,0
0.42,0.6825396825396826,0.5180722891566265,1.0,0.5348837209302325,258,240,18,0
0.421,0.6825396825396826,0.5180722891566265,1.0,0.5348837209302325,258,240,18,0
0.422,0.6825396825396826,0.5180722891566265,1.0,0.5348837209302325,258,240,18,0
0.423,0.6825396825396826,0.5180722891566265,1.0,0.5348837209302325,258,240,18,0
0.424,0.6825396825396826,0.5180722891566265,1.0,0.5348837209302325,258,240,18,0
0.425,0.6825396825396826,0.5180722891566265,1.0,0.5348837209302325,258,240,18,0
0.426,0.6816380449141347,0.5170340681362725,1.0,0.5329457364341085,258,241,17,0
0.427,0.6816380449141347,0.5170340681362725,1.0,0.5329457364341085,258,241,17,0
0.428,0.6816380449141347,0.5170340681362725,1.0,0.5329457364341085,258,241,17,0
0.429,0.6816380449141347,0.5170340681362725,1.0,0.5329457364341085,258,241,17,0
0.43,0.6816380449141347,0.5170340681362725,1.0,0.5329457364341085,258,241,17,0
0.431,0.6816380449141347,0.5170340681362725,1.0,0.5329457364341085,258,241,17,0
0.432,0.6816380449141347,0.5170340681362725,1.0,0.5329457364341085,258,241,17,0
0.433,0.6816380449141347,0.5170340681362725,1.0,0.5329457364341085,258,241,17,0
0.434,0.6816380449141347,0.5170340681362725,1.0,0.5329457364341085,258,241,17,0
0.435,0.6816380449141347,0.5170340681362725,1.0,0.5329457364341085,258,241,17,0
0.436,0.6807387862796834,0.516,1.0,0.5310077519379846,258,242,16,0
0.437,0.6798418972332015,0.5149700598802395,1.0,0.5290697674418605,258,243,15,0
0.438,0.6798418972332015,0.5149700598802395,1.0,0.5290697674418605,258,243,15,0
0.439,0.6798418972332015,0.5149700598802395,1.0,0.5290697674418605,258,243,15,0
0.44,0.6798418972332015,0.5149700598802395,1.0,0.5290697674418605,258,243,15,0
0.441,0.6798418972332015,0.5149700598802395,1.0,0.5290697674418605,258,243,15,0
0.442,0.6798418972332015,0.5149700598802395,1.0,0.5290697674418605,258,243,15,0
0.443,0.6798418972332015,0.5149700598802395,1.0,0.5290697674418605,258,243,15,0
0.444,0.6798418972332015,0.5149700598802395,1.0,0.5290697674418605,258,243,15,0
0.445,0.6798418972332015,0.5149700598802395,1.0,0.5290697674418605,258,243,15,0
0.446,0.6798418972332015,0.5149700598802395,1.0,0.5290697674418605,258,243,15,0
0.447,0.6798418972332015,0.5149700598802395,1.0,0.5290697674418605,258,243,15,0
0.448,0.6798418972332015,0.5149700598802395,1.0,0.5290697674418605,258,243,15,0
0.449,0.6798418972332015,0.5149700598802395,1.0,0.5290697674418605,258,243,15,0
0.45,0.6798418972332015,0.5149700598802395,1.0,0.5290697674418605,258,243,15,0
0.451,0.6798418972332015,0.5149700598802395,1.0,0.5290697674418605,258,243,15,0
0.452,0.6798418972332015,0.5149700598802395,1.0,0.5290697674418605,258,243,15,0
0.453,0.6798418972332015,0.5149700598802395,1.0,0.5290697674418605,258,243,15,0
0.454,0.6798418972332015,0.5149700598802395,1.0,0.5290697674418605,258,243,15,0
0.455,0.6798418972332015,0.5149700598802395,1.0,0.5290697674418605,258,243,15,0
0.456,0.6798418972332015,0.5149700598802395,1.0,0.5290697674418605,258,243,15,0
0.457,0.6798418972332015,0.5149700598802395,1.0,0.5290697674418605,258,243,15,0
0.458,0.6798418972332015,0.5149700598802395,1.0,0.5290697674418605,258,243,15,0
0.459,0.6798418972332015,0.5149700598802395,1.0,0.5290697674418605,258,243,15,0
0.46,0.6798418972332015,0.5149700598802395,1.0,0.5290697674418605,258,243,15,0
0.461,0.6798418972332015,0.5149700598802395,1.0,0.5290697674418605,258,243,15,0
0.462,0.6789473684210526,0.5139442231075697,1.0,0.5271317829457365,258,244,14,0
0.463,0.6789473684210526,0.5139442231075697,1.0,0.5271317829457365,258,244,14,0
0.464,0.6789473684210526,0.5139442231075697,1.0,0.5271317829457365,258,244,14,0
0.465,0.6789473684210526,0.5139442231075697,1.0,0.5271317829457365,258,244,14,0
0.466,0.6789473684210526,0.5139442231075697,1.0,0.5271317829457365,258,244,14,0
0.467,0.6789473684210526,0.5139442231075697,1.0,0.5271317829457365,258,244,14,0
0.468,0.6789473684210526,0.5139442231075697,1.0,0.5271317829457365,258,244,14,0
0.469,0.6789473684210526,0.5139442231075697,1.0,0.5271317829457365,258,244,14,0
0.47,0.6789473684210526,0.5139442231075697,1.0,0.5271317829457365,258,244,14,0
0.471,0.6780551905387647,0.5129224652087475,1.0,0.5251937984496124,258,245,13,0
0.472,0.6780551905387647,0.5129224652087475,1.0,0.5251937984496124,258,245,13,0
0.473,0.6780551905387647,0.5129224652087475,1.0,0.5251937984496124,258,245,13,0
0.474,0.6780551905387647,0.5129224652087475,1.0,0.5251937984496124,258,245,13,0
0.475,0.6780551905387647,0.5129224652087475,1.0,0.5251937984496124,258,245,13,0
0.476,0.6780551905387647,0.5129224652087475,1.0,0.5251937984496124,258,245,13,0
0.477,0.6771653543307087,0.5119047619047619,1.0,0.5232558139534884,258,246,12,0
0.478,0.6771653543307087,0.5119047619047619,1.0,0.5232558139534884,258,246,12,0
0.479,0.6771653543307087,0.5119047619047619,1.0,0.5232558139534884,258,246,12,0
0.48,0.6771653543307087,0.5119047619047619,1.0,0.5232558139534884,258,246,12,0
0.481,0.6762778505897772,0.5108910891089109,1.0,0.5213178294573644,258,247,11,0
0.482,0.6762778505897772,0.5108910891089109,1.0,0.5213178294573644,258,247,11,0
0.483,0.6762778505897772,0.5108910891089109,1.0,0.5213178294573644,258,247,11,0
0.484,0.6762778505897772,0.5108910891089109,1.0,0.5213178294573644,258,247,11,0
0.485,0.6762778505897772,0.5108910891089109,1.0,0.5213178294573644,258,247,11,0
0.486,0.6762778505897772,0.5108910891089109,1.0,0.5213178294573644,258,247,11,0
0.487,0.6762778505897772,0.5108910891089109,1.0,0.5213178294573644,258,247,11,0
0.488,0.6762778505897772,0.5108910891089109,1.0,0.5213178294573644,258,247,11,0
0.489,0.6762778505897772,0.5108910891089109,1.0,0.5213178294573644,258,247,11,0
0.49,0.6762778505897772,0.5108910891089109,1.0,0.5213178294573644,258,247,11,0
0.491,0.6762778505897772,0.5108910891089109,1.0,0.5213178294573644,258,247,11,0
0.492,0.6762778505897772,0.5108910891089109,1.0,0.5213178294573644,258,247,11,0
0.493,0.6762778505897772,0.5108910891089109,1.0,0.5213178294573644,258,247,11,0
0.494,0.6762778505897772,0.5108910891089109,1.0,0.5213178294573644,258,247,11,0
0.495,0.6762778505897772,0.5108910891089109,1.0,0.5213178294573644,258,247,11,0
0.496,0.6736292428198434,0.5078740157480315,1.0,0.5155038759689923,258,250,8,0
0.497,0.6736292428198434,0.5078740157480315,1.0,0.5155038759689923,258,250,8,0
0.498,0.6736292428198434,0.5078740157480315,1.0,0.5155038759689923,258,250,8,0
0.499,0.6736292428198434,0.5078740157480315,1.0,0.5155038759689923,258,250,8,0
0.5,0.6736292428198434,0.5078740157480315,1.0,0.5155038759689923,258,250,8,0
0.501,0.6736292428198434,0.5078740157480315,1.0,0.5155038759689923,258,250,8,0
0.502,0.6736292428198434,0.5078740157480315,1.0,0.5155038759689923,258,250,8,0
0.503,0.6736292428198434,0.5078740157480315,1.0,0.5155038759689923,258,250,8,0
0.504,0.6736292428198434,0.5078740157480315,1.0,0.5155038759689923,258,250,8,0
0.505,0.6736292428198434,0.5078740157480315,1.0,0.5155038759689923,258,250,8,0
0.506,0.6736292428198434,0.5078740157480315,1.0,0.5155038759689923,258,250,8,0
0.507,0.6736292428198434,0.5078740157480315,1.0,0.5155038759689923,258,250,8,0
0.508,0.6736292428198434,0.5078740157480315,1.0,0.5155038759689923,258,250,8,0
0.509,0.6736292428198434,0.5078740157480315,1.0,0.5155038759689923,258,250,8,0
0.51,0.6736292428198434,0.5078740157480315,1.0,0.5155038759689923,258,250,8,0
0.511,0.6736292428198434,0.5078740157480315,1.0,0.5155038759689923,258,250,8,0
0.512,0.6736292428198434,0.5078740157480315,1.0,0.5155038759689923,258,250,8,0
0.513,0.6736292428198434,0.5078740157480315,1.0,0.5155038759689923,258,250,8,0
0.514,0.6727509778357236,0.5068762278978389,1.0,0.5135658914728682,258,251,7,0
0.515,0.6727509778357236,0.5068762278978389,1.0,0.5135658914728682,258,251,7,0
0.516,0.6727509778357236,0.5068762278978389,1.0,0.5135658914728682,258,251,7,0
0.517,0.671875,0.5058823529411764,1.0,0.5116279069767442,258,252,6,0
0.518,0.671875,0.5058823529411764,1.0,0.5116279069767442,258,252,6,0
0.519,0.6710013003901171,0.5048923679060665,1.0,0.5096899224806202,258,253,5,0
0.52,0.6710013003901171,0.5048923679060665,1.0,0.5096899224806202,258,253,5,0
0.521,0.6710013003901171,0.5048923679060665,1.0,0.5096899224806202,258,253,5,0
0.522,0.6710013003901171,0.5048923679060665,1.0,0.5096899224806202,258,253,5,0
0.523,0.6710013003901171,0.5048923679060665,1.0,0.5096899224806202,258,253,5,0
0.524,0.6710013003901171,0.5048923679060665,1.0,0.5096899224806202,258,253,5,0
0.525,0.6710013003901171,0.5048923679060665,1.0,0.5096899224806202,258,253,5,0
0.526,0.6710013003901171,0.5048923679060665,1.0,0.5096899224806202,258,253,5,0
0.527,0.6710013003901171,0.5048923679060665,1.0,0.5096899224806202,258,253,5,0
0.528,0.6710013003901171,0.5048923679060665,1.0,0.5096899224806202,258,253,5,0
0.529,0.6710013003901171,0.5048923679060665,1.0,0.5096899224806202,258,253,5,0
0.53,0.6710013003901171,0.5048923679060665,1.0,0.5096899224806202,258,253,5,0
0.531,0.6710013003901171,0.5048923679060665,1.0,0.5096899224806202,258,253,5,0
0.532,0.6710013003901171,0.5048923679060665,1.0,0.5096899224806202,258,253,5,0
0.533,0.6710013003901171,0.5048923679060665,1.0,0.5096899224806202,258,253,5,0
0.534,0.6710013003901171,0.5048923679060665,1.0,0.5096899224806202,258,253,5,0
0.535,0.6710013003901171,0.5048923679060665,1.0,0.5096899224806202,258,253,5,0
0.536,0.6710013003901171,0.5048923679060665,1.0,0.5096899224806202,258,253,5,0
0.537,0.6710013003901171,0.5048923679060665,1.0,0.5096899224806202,258,253,5,0
0.538,0.6710013003901171,0.5048923679060665,1.0,0.5096899224806202,258,253,5,0
0.539,0.6701298701298701,0.50390625,1.0,0.5077519379844961,258,254,4,0
0.54,0.6701298701298701,0.50390625,1.0,0.5077519379844961,258,254,4,0
0.541,0.6701298701298701,0.50390625,1.0,0.5077519379844961,258,254,4,0
0.542,0.6701298701298701,0.50390625,1.0,0.5077519379844961,258,254,4,0
0.543,0.6701298701298701,0.50390625,1.0,0.5077519379844961,258,254,4,0
0.544,0.6701298701298701,0.50390625,1.0,0.5077519379844961,258,254,4,0
0.545,0.6701298701298701,0.50390625,1.0,0.5077519379844961,258,254,4,0
0.546,0.6701298701298701,0.50390625,1.0,0.5077519379844961,258,254,4,0
0.547,0.6701298701298701,0.50390625,1.0,0.5077519379844961,258,254,4,0
0.548,0.6701298701298701,0.50390625,1.0,0.5077519379844961,258,254,4,0
0.549,0.6701298701298701,0.50390625,1.0,0.5077519379844961,258,254,4,0
0.55,0.6701298701298701,0.50390625,1.0,0.5077519379844961,258,254,4,0
0.551,0.6701298701298701,0.50390625,1.0,0.5077519379844961,258,254,4,0
0.552,0.6701298701298701,0.50390625,1.0,0.5077519379844961,258,254,4,0
0.553,0.6701298701298701,0.50390625,1.0,0.5077519379844961,258,254,4,0
0.554,0.6701298701298701,0.50390625,1.0,0.5077519379844961,258,254,4,0
0.555,0.6701298701298701,0.50390625,1.0,0.5077519379844961,258,254,4,0
0.556,0.6701298701298701,0.50390625,1.0,0.5077519379844961,258,254,4,0
0.557,0.6701298701298701,0.50390625,1.0,0.5077519379844961,258,254,4,0
0.558,0.6701298701298701,0.50390625,1.0,0.5077519379844961,258,254,4,0
0.559,0.6701298701298701,0.50390625,1.0,0.5077519379844961,258,254,4,0
0.56,0.6701298701298701,0.50390625,1.0,0.5077519379844961,258,254,4,0
0.561,0.6701298701298701,0.50390625,1.0,0.5077519379844961,258,254,4,0
0.562,0.6701298701298701,0.50390625,1.0,0.5077519379844961,258,254,4,0
0.563,0.6701298701298701,0.50390625,1.0,0.5077519379844961,258,254,4,0
0.564,0.6701298701298701,0.50390625,1.0,0.5077519379844961,258,254,4,0
0.565,0.6701298701298701,0.50390625,1.0,0.5077519379844961,258,254,4,0
0.566,0.6701298701298701,0.50390625,1.0,0.5077519379844961,258,254,4,0
0.567,0.6701298701298701,0.50390625,1.0,0.5077519379844961,258,254,4,0
0.568,0.6701298701298701,0.50390625,1.0,0.5077519379844961,258,254,4,0
0.569,0.6701298701298701,0.50390625,1.0,0.5077519379844961,258,254,4,0
0.57,0.6701298701298701,0.50390625,1.0,0.5077519379844961,258,254,4,0
0.571,0.6701298701298701,0.50390625,1.0,0.5077519379844961,258,254,4,0
0.572,0.6701298701298701,0.50390625,1.0,0.5077519379844961,258,254,4,0
0.573,0.6701298701298701,0.50390625,1.0,0.5077519379844961,258,254,4,0
0.574,0.6701298701298701,0.50390625,1.0,0.5077519379844961,258,254,4,0
0.575,0.6701298701298701,0.50390625,1.0,0.5077519379844961,258,254,4,0
0.576,0.6701298701298701,0.50390625,1.0,0.5077519379844961,258,254,4,0
0.577,0.6701298701298701,0.50390625,1.0,0.5077519379844961,258,254,4,0
0.578,0.6701298701298701,0.50390625,1.0,0.5077519379844961,258,254,4,0
0.579,0.6701298701298701,0.50390625,1.0,0.5077519379844961,258,254,4,0
0.58,0.6701298701298701,0.50390625,1.0,0.5077519379844961,258,254,4,0
0.581,0.6701298701298701,0.50390625,1.0,0.5077519379844961,258,254,4,0
0.582,0.6701298701298701,0.50390625,1.0,0.5077519379844961,258,254,4,0
0.583,0.6701298701298701,0.50390625,1.0,0.5077519379844961,258,254,4,0
0.584,0.6701298701298701,0.50390625,1.0,0.5077519379844961,258,254,4,0
0.585,0.6701298701298701,0.50390625,1.0,0.5077519379844961,258,254,4,0
0.586,0.6701298701298701,0.50390625,1.0,0.5077519379844961,258,254,4,0
0.587,0.6701298701298701,0.50390625,1.0,0.5077519379844961,258,254,4,0
0.588,0.6701298701298701,0.50390625,1.0,0.5077519379844961,258,254,4,0
0.589,0.6701298701298701,0.50390625,1.0,0.5077519379844961,258,254,4,0
0.59,0.6701298701298701,0.50390625,1.0,0.5077519379844961,258,254,4,0
0.591,0.6701298701298701,0.50390625,1.0,0.5077519379844961,258,254,4,0
0.592,0.6701298701298701,0.50390625,1.0,0.5077519379844961,258,254,4,0
0.593,0.6701298701298701,0.50390625,1.0,0.5077519379844961,258,254,4,0
0.594,0.6701298701298701,0.50390625,1.0,0.5077519379844961,258,254,4,0
0.595,0.6701298701298701,0.50390625,1.0,0.5077519379844961,258,254,4,0
0.596,0.6701298701298701,0.50390625,1.0,0.5077519379844961,258,254,4,0
0.597,0.6701298701298701,0.50390625,1.0,0.5077519379844961,258,254,4,0
0.598,0.6701298701298701,0.50390625,1.0,0.5077519379844961,258,254,4,0
0.599,0.6701298701298701,0.50390625,1.0,0.5077519379844961,258,254,4,0
0.6,0.6701298701298701,0.50390625,1.0,0.5077519379844961,258,254,4,0
0.601,0.6701298701298701,0.50390625,1.0,0.5077519379844961,258,254,4,0
0.602,0.6701298701298701,0.50390625,1.0,0.5077519379844961,258,254,4,0
0.603,0.6701298701298701,0.50390625,1.0,0.5077519379844961,258,254,4,0
0.604,0.6701298701298701,0.50390625,1.0,0.5077519379844961,258,254,4,0
0.605,0.6701298701298701,0.50390625,1.0,0.5077519379844961,258,254,4,0
0.606,0.6701298701298701,0.50390625,1.0,0.5077519379844961,258,254,4,0
0.607,0.6701298701298701,0.50390625,1.0,0.5077519379844961,258,254,4,0
0.608,0.6701298701298701,0.50390625,1.0,0.5077519379844961,258,254,4,0
0.609,0.6701298701298701,0.50390625,1.0,0.5077519379844961,258,254,4,0
0.61,0.6701298701298701,0.50390625,1.0,0.5077519379844961,258,254,4,0
0.611,0.6701298701298701,0.50390625,1.0,0.5077519379844961,258,254,4,0
0.612,0.6701298701298701,0.50390625,1.0,0.5077519379844961,258,254,4,0
0.613,0.6701298701298701,0.50390625,1.0,0.5077519379844961,258,254,4,0
0.614,0.6701298701298701,0.50390625,1.0,0.5077519379844961,258,254,4,0
0.615,0.6701298701298701,0.50390625,1.0,0.5077519379844961,258,254,4,0
0.616,0.6701298701298701,0.50390625,1.0,0.5077519379844961,258,254,4,0
0.617,0.6701298701298701,0.50390625,1.0,0.5077519379844961,258,254,4,0
0.618,0.6701298701298701,0.50390625,1.0,0.5077519379844961,258,254,4,0
0.619,0.6701298701298701,0.50390625,1.0,0.5077519379844961,258,254,4,0
0.62,0.6701298701298701,0.50390625,1.0,0.5077519379844961,258,254,4,0
0.621,0.6701298701298701,0.50390625,1.0,0.5077519379844961,258,254,4,0
0.622,0.6701298701298701,0.50390625,1.0,0.5077519379844961,258,254,4,0
0.623,0.6701298701298701,0.50390625,1.0,0.5077519379844961,258,254,4,0
0.624,0.6701298701298701,0.50390625,1.0,0.5077519379844961,258,254,4,0
0.625,0.6701298701298701,0.50390625,1.0,0.5077519379844961,258,254,4,0
0.626,0.6701298701298701,0.50390625,1.0,0.5077519379844961,258,254,4,0
0.627,0.6701298701298701,0.50390625,1.0,0.5077519379844961,258,254,4,0
0.628,0.6701298701298701,0.50390625,1.0,0.5077519379844961,258,254,4,0
0.629,0.6701298701298701,0.50390625,1.0,0.5077519379844961,258,254,4,0
0.63,0.6701298701298701,0.50390625,1.0,0.5077519379844961,258,254,4,0
0.631,0.6701298701298701,0.50390625,1.0,0.5077519379844961,258,254,4,0
0.632,0.6701298701298701,0.50390625,1.0,0.5077519379844961,258,254,4,0
0.633,0.6701298701298701,0.50390625,1.0,0.5077519379844961,258,254,4,0
0.634,0.6701298701298701,0.50390625,1.0,0.5077519379844961,258,254,4,0
0.635,0.6701298701298701,0.50390625,1.0,0.5077519379844961,258,254,4,0
0.636,0.6701298701298701,0.50390625,1.0,0.5077519379844961,258,254,4,0
0.637,0.6701298701298701,0.50390625,1.0,0.5077519379844961,258,254,4,0
0.638,0.6701298701298701,0.50390625,1.0,0.5077519379844961,258,254,4,0
0.639,0.6701298701298701,0.50390625,1.0,0.5077519379844961,258,254,4,0
0.64,0.6701298701298701,0.50390625,1.0,0.5077519379844961,258,254,4,0
0.641,0.6701298701298701,0.50390625,1.0,0.5077519379844961,258,254,4,0
0.642,0.6701298701298701,0.50390625,1.0,0.5077519379844961,258,254,4,0
0.643,0.6701298701298701,0.50390625,1.0,0.5077519379844961,258,254,4,0
0.644,0.6701298701298701,0.50390625,1.0,0.5077519379844961,258,254,4,0
0.645,0.6701298701298701,0.50390625,1.0,0.5077519379844961,258,254,4,0
0.646,0.6701298701298701,0.50390625,1.0,0.5077519379844961,258,254,4,0
0.647,0.6701298701298701,0.50390625,1.0,0.5077519379844961,258,254,4,0
0.648,0.6701298701298701,0.50390625,1.0,0.5077519379844961,258,254,4,0
0.649,0.6701298701298701,0.50390625,1.0,0.5077519379844961,258,254,4,0
0.65,0.6701298701298701,0.50390625,1.0,0.5077519379844961,258,254,4,0
0.651,0.6701298701298701,0.50390625,1.0,0.5077519379844961,258,254,4,0
0.652,0.6701298701298701,0.50390625,1.0,0.5077519379844961,258,254,4,0
0.653,0.6701298701298701,0.50390625,1.0,0.5077519379844961,258,254,4,0
0.654,0.6701298701298701,0.50390625,1.0,0.5077519379844961,258,254,4,0
0.655,0.6701298701298701,0.50390625,1.0,0.5077519379844961,258,254,4,0
0.656,0.6701298701298701,0.50390625,1.0,0.5077519379844961,258,254,4,0
0.657,0.6701298701298701,0.50390625,1.0,0.5077519379844961,258,254,4,0
0.658,0.6701298701298701,0.50390625,1.0,0.5077519379844961,258,254,4,0
0.659,0.6701298701298701,0.50390625,1.0,0.5077519379844961,258,254,4,0
0.66,0.6701298701298701,0.50390625,1.0,0.5077519379844961,258,254,4,0
0.661,0.6701298701298701,0.50390625,1.0,0.5077519379844961,258,254,4,0
0.662,0.6701298701298701,0.50390625,1.0,0.5077519379844961,258,254,4,0
0.663,0.6701298701298701,0.50390625,1.0,0.5077519379844961,258,254,4,0
0.664,0.6701298701298701,0.50390625,1.0,0.5077519379844961,258,254,4,0
0.665,0.6701298701298701,0.50390625,1.0,0.5077519379844961,258,254,4,0
0.666,0.669260700389105,0.5029239766081871,1.0,0.5058139534883721,258,255,3,0
0.667,0.669260700389105,0.5029239766081871,1.0,0.5058139534883721,258,255,3,0
0.668,0.669260700389105,0.5029239766081871,1.0,0.5058139534883721,258,255,3,0
0.669,0.669260700389105,0.5029239766081871,1.0,0.5058139534883721,258,255,3,0
0.67,0.669260700389105,0.5029239766081871,1.0,0.5058139534883721,258,255,3,0
0.671,0.669260700389105,0.5029239766081871,1.0,0.5058139534883721,258,255,3,0
0.672,0.669260700389105,0.5029239766081871,1.0,0.5058139534883721,258,255,3,0
0.673,0.669260700389105,0.5029239766081871,1.0,0.5058139534883721,258,255,3,0
0.674,0.669260700389105,0.5029239766081871,1.0,0.5058139534883721,258,255,3,0
0.675,0.669260700389105,0.5029239766081871,1.0,0.5058139534883721,258,255,3,0
0.676,0.669260700389105,0.5029239766081871,1.0,0.5058139534883721,258,255,3,0
0.677,0.669260700389105,0.5029239766081871,1.0,0.5058139534883721,258,255,3,0
0.678,0.669260700389105,0.5029239766081871,1.0,0.5058139534883721,258,255,3,0
0.679,0.669260700389105,0.5029239766081871,1.0,0.5058139534883721,258,255,3,0
0.68,0.669260700389105,0.5029239766081871,1.0,0.5058139534883721,258,255,3,0
0.681,0.669260700389105,0.5029239766081871,1.0,0.5058139534883721,258,255,3,0
0.682,0.669260700389105,0.5029239766081871,1.0,0.5058139534883721,258,255,3,0
0.683,0.669260700389105,0.5029239766081871,1.0,0.5058139534883721,258,255,3,0
0.684,0.669260700389105,0.5029239766081871,1.0,0.5058139534883721,258,255,3,0
0.685,0.669260700389105,0.5029239766081871,1.0,0.5058139534883721,258,255,3,0
0.686,0.669260700389105,0.5029239766081871,1.0,0.5058139534883721,258,255,3,0
0.687,0.669260700389105,0.5029239766081871,1.0,0.5058139534883721,258,255,3,0
0.688,0.669260700389105,0.5029239766081871,1.0,0.5058139534883721,258,255,3,0
0.689,0.669260700389105,0.5029239766081871,1.0,0.5058139534883721,258,255,3,0
0.69,0.669260700389105,0.5029239766081871,1.0,0.5058139534883721,258,255,3,0
0.691,0.669260700389105,0.5029239766081871,1.0,0.5058139534883721,258,255,3,0
0.692,0.669260700389105,0.5029239766081871,1.0,0.5058139534883721,258,255,3,0
0.693,0.669260700389105,0.5029239766081871,1.0,0.5058139534883721,258,255,3,0
0.694,0.669260700389105,0.5029239766081871,1.0,0.5058139534883721,258,255,3,0
0.695,0.669260700389105,0.5029239766081871,1.0,0.5058139534883721,258,255,3,0
0.696,0.669260700389105,0.5029239766081871,1.0,0.5058139534883721,258,255,3,0
0.697,0.669260700389105,0.5029239766081871,1.0,0.5058139534883721,258,255,3,0
0.698,0.669260700389105,0.5029239766081871,1.0,0.5058139534883721,258,255,3,0
0.699,0.669260700389105,0.5029239766081871,1.0,0.5058139534883721,258,255,3,0
0.7,0.669260700389105,0.5029239766081871,1.0,0.5058139534883721,258,255,3,0
0.701,0.669260700389105,0.5029239766081871,1.0,0.5058139534883721,258,255,3,0
0.702,0.669260700389105,0.5029239766081871,1.0,0.5058139534883721,258,255,3,0
0.703,0.669260700389105,0.5029239766081871,1.0,0.5058139534883721,258,255,3,0
0.704,0.669260700389105,0.5029239766081871,1.0,0.5058139534883721,258,255,3,0
0.705,0.669260700389105,0.5029239766081871,1.0,0.5058139534883721,258,255,3,0
0.706,0.669260700389105,0.5029239766081871,1.0,0.5058139534883721,258,255,3,0
0.707,0.669260700389105,0.5029239766081871,1.0,0.5058139534883721,258,255,3,0
0.708,0.669260700389105,0.5029239766081871,1.0,0.5058139534883721,258,255,3,0
0.709,0.669260700389105,0.5029239766081871,1.0,0.5058139534883721,258,255,3,0
0.71,0.669260700389105,0.5029239766081871,1.0,0.5058139534883721,258,255,3,0
0.711,0.669260700389105,0.5029239766081871,1.0,0.5058139534883721,258,255,3,0
0.712,0.669260700389105,0.5029239766081871,1.0,0.5058139534883721,258,255,3,0
0.713,0.669260700389105,0.5029239766081871,1.0,0.5058139534883721,258,255,3,0
0.714,0.669260700389105,0.5029239766081871,1.0,0.5058139534883721,258,255,3,0
0.715,0.669260700389105,0.5029239766081871,1.0,0.5058139534883721,258,255,3,0
0.716,0.669260700389105,0.5029239766081871,1.0,0.5058139534883721,258,255,3,0
0.717,0.669260700389105,0.5029239766081871,1.0,0.5058139534883721,258,255,3,0
0.718,0.6683937823834197,0.5019455252918288,1.0,0.5038759689922481,258,256,2,0
0.719,0.6683937823834197,0.5019455252918288,1.0,0.5038759689922481,258,256,2,0
0.72,0.6683937823834197,0.5019455252918288,1.0,0.5038759689922481,258,256,2,0
0.721,0.6683937823834197,0.5019455252918288,1.0,0.5038759689922481,258,256,2,0
0.722,0.6683937823834197,0.5019455252918288,1.0,0.5038759689922481,258,256,2,0
0.723,0.6683937823834197,0.5019455252918288,1.0,0.5038759689922481,258,256,2,0
0.724,0.6683937823834197,0.5019455252918288,1.0,0.5038759689922481,258,256,2,0
0.725,0.6683937823834197,0.5019455252918288,1.0,0.5038759689922481,258,256,2,0
0.726,0.6683937823834197,0.5019455252918288,1.0,0.5038759689922481,258,256,2,0
0.727,0.6683937823834197,0.5019455252918288,1.0,0.5038759689922481,258,256,2,0
0.728,0.6683937823834197,0.5019455252918288,1.0,0.5038759689922481,258,256,2,0
0.729,0.6683937823834197,0.5019455252918288,1.0,0.5038759689922481,258,256,2,0
0.73,0.6683937823834197,0.5019455252918288,1.0,0.5038759689922481,258,256,2,0
0.731,0.6683937823834197,0.5019455252918288,1.0,0.5038759689922481,258,256,2,0
0.732,0.6683937823834197,0.5019455252918288,1.0,0.5038759689922481,258,256,2,0
0.733,0.6683937823834197,0.5019455252918288,1.0,0.5038759689922481,258,256,2,0
0.734,0.6683937823834197,0.5019455252918288,1.0,0.5038759689922481,258,256,2,0
0.735,0.6683937823834197,0.5019455252918288,1.0,0.5038759689922481,258,256,2,0
0.736,0.6683937823834197,0.5019455252918288,1.0,0.5038759689922481,258,256,2,0
0.737,0.6683937823834197,0.5019455252918288,1.0,0.5038759689922481,258,256,2,0
0.738,0.6683937823834197,0.5019455252918288,1.0,0.5038759689922481,258,256,2,0
0.739,0.6683937823834197,0.5019455252918288,1.0,0.5038759689922481,258,256,2,0
0.74,0.6683937823834197,0.5019455252918288,1.0,0.5038759689922481,258,256,2,0
0.741,0.6683937823834197,0.5019455252918288,1.0,0.5038759689922481,258,256,2,0
0.742,0.6683937823834197,0.5019455252918288,1.0,0.5038759689922481,258,256,2,0
0.743,0.6683937823834197,0.5019455252918288,1.0,0.5038759689922481,258,256,2,0
0.744,0.6683937823834197,0.5019455252918288,1.0,0.5038759689922481,258,256,2,0
0.745,0.6683937823834197,0.5019455252918288,1.0,0.5038759689922481,258,256,2,0
0.746,0.6683937823834197,0.5019455252918288,1.0,0.5038759689922481,258,256,2,0
0.747,0.6683937823834197,0.5019455252918288,1.0,0.5038759689922481,258,256,2,0
0.748,0.6683937823834197,0.5019455252918288,1.0,0.5038759689922481,258,256,2,0
0.749,0.6683937823834197,0.5019455252918288,1.0,0.5038759689922481,258,256,2,0
0.75,0.6683937823834197,0.5019455252918288,1.0,0.5038759689922481,258,256,2,0
0.751,0.6683937823834197,0.5019455252918288,1.0,0.5038759689922481,258,256,2,0
0.752,0.6683937823834197,0.5019455252918288,1.0,0.5038759689922481,258,256,2,0
0.753,0.6683937823834197,0.5019455252918288,1.0,0.5038759689922481,258,256,2,0
0.754,0.6683937823834197,0.5019455252918288,1.0,0.5038759689922481,258,256,2,0
0.755,0.6683937823834197,0.5019455252918288,1.0,0.5038759689922481,258,256,2,0
0.756,0.6683937823834197,0.5019455252918288,1.0,0.5038759689922481,258,256,2,0
0.757,0.6683937823834197,0.5019455252918288,1.0,0.5038759689922481,258,256,2,0
0.758,0.6683937823834197,0.5019455252918288,1.0,0.5038759689922481,258,256,2,0
0.759,0.6683937823834197,0.5019455252918288,1.0,0.5038759689922481,258,256,2,0
0.76,0.6683937823834197,0.5019455252918288,1.0,0.5038759689922481,258,256,2,0
0.761,0.6683937823834197,0.5019455252918288,1.0,0.5038759689922481,258,256,2,0
0.762,0.6683937823834197,0.5019455252918288,1.0,0.5038759689922481,258,256,2,0
0.763,0.6683937823834197,0.5019455252918288,1.0,0.5038759689922481,258,256,2,0
0.764,0.6683937823834197,0.5019455252918288,1.0,0.5038759689922481,258,256,2,0
0.765,0.6683937823834197,0.5019455252918288,1.0,0.5038759689922481,258,256,2,0
0.766,0.6683937823834197,0.5019455252918288,1.0,0.5038759689922481,258,256,2,0
0.767,0.6683937823834197,0.5019455252918288,1.0,0.5038759689922481,258,256,2,0
0.768,0.6683937823834197,0.5019455252918288,1.0,0.5038759689922481,258,256,2,0
0.769,0.6683937823834197,0.5019455252918288,1.0,0.5038759689922481,258,256,2,0
0.77,0.6683937823834197,0.5019455252918288,1.0,0.5038759689922481,258,256,2,0
0.771,0.6683937823834197,0.5019455252918288,1.0,0.5038759689922481,258,256,2,0
0.772,0.6683937823834197,0.5019455252918288,1.0,0.5038759689922481,258,256,2,0
0.773,0.6683937823834197,0.5019455252918288,1.0,0.5038759689922481,258,256,2,0
0.774,0.6675291073738681,0.5009708737864078,1.0,0.501937984496124,258,257,1,0
0.775,0.6675291073738681,0.5009708737864078,1.0,0.501937984496124,258,257,1,0
0.776,0.6675291073738681,0.5009708737864078,1.0,0.501937984496124,258,257,1,0
0.777,0.6675291073738681,0.5009708737864078,1.0,0.501937984496124,258,257,1,0
0.778,0.6675291073738681,0.5009708737864078,1.0,0.501937984496124,258,257,1,0
0.779,0.6675291073738681,0.5009708737864078,1.0,0.501937984496124,258,257,1,0
0.78,0.6675291073738681,0.5009708737864078,1.0,0.501937984496124,258,257,1,0
0.781,0.6675291073738681,0.5009708737864078,1.0,0.501937984496124,258,257,1,0
0.782,0.6675291073738681,0.5009708737864078,1.0,0.501937984496124,258,257,1,0
0.783,0.6675291073738681,0.5009708737864078,1.0,0.501937984496124,258,257,1,0
0.784,0.6675291073738681,0.5009708737864078,1.0,0.501937984496124,258,257,1,0
0.785,0.6675291073738681,0.5009708737864078,1.0,0.501937984496124,258,257,1,0
0.786,0.6675291073738681,0.5009708737864078,1.0,0.501937984496124,258,257,1,0
0.787,0.6675291073738681,0.5009708737864078,1.0,0.501937984496124,258,257,1,0
0.788,0.6675291073738681,0.5009708737864078,1.0,0.501937984496124,258,257,1,0
0.789,0.6675291073738681,0.5009708737864078,1.0,0.501937984496124,258,257,1,0
0.79,0.6675291073738681,0.5009708737864078,1.0,0.501937984496124,258,257,1,0
0.791,0.6675291073738681,0.5009708737864078,1.0,0.501937984496124,258,257,1,0
0.792,0.6675291073738681,0.5009708737864078,1.0,0.501937984496124,258,257,1,0
0.793,0.6675291073738681,0.5009708737864078,1.0,0.501937984496124,258,257,1,0
0.794,0.6666666666666666,0.5,1.0,0.5,258,258,0,0
0.795,0.6666666666666666,0.5,1.0,0.5,258,258,0,0
0.796,0.6666666666666666,0.5,1.0,0.5,258,258,0,0
0.797,0.6666666666666666,0.5,1.0,0.5,258,258,0,0
0.798,0.6666666666666666,0.5,1.0,0.5,258,258,0,0
0.799,0.6666666666666666,0.5,1.0,0.5,258,258,0,0
0.8,0.6666666666666666,0.5,1.0,0.5,258,258,0,0
0.801,0.6666666666666666,0.5,1.0,0.5,258,258,0,0
0.802,0.6666666666666666,0.5,1.0,0.5,258,258,0,0
0.803,0.6666666666666666,0.5,1.0,0.5,258,258,0,0
0.804,0.6666666666666666,0.5,1.0,0.5,258,258,0,0
0.805,0.6666666666666666,0.5,1.0,0.5,258,258,0,0
0.806,0.6666666666666666,0.5,1.0,0.5,258,258,0,0
0.807,0.6666666666666666,0.5,1.0,0.5,258,258,0,0
0.808,0.6666666666666666,0.5,1.0,0.5,258,258,0,0
0.809,0.6666666666666666,0.5,1.0,0.5,258,258,0,0
0.81,0.6666666666666666,0.5,1.0,0.5,258,258,0,0
0.811,0.6666666666666666,0.5,1.0,0.5,258,258,0,0
0.812,0.6666666666666666,0.5,1.0,0.5,258,258,0,0
0.813,0.6666666666666666,0.5,1.0,0.5,258,258,0,0
0.814,0.6666666666666666,0.5,1.0,0.5,258,258,0,0
0.815,0.6666666666666666,0.5,1.0,0.5,258,258,0,0
0.816,0.6666666666666666,0.5,1.0,0.5,258,258,0,0
0.817,0.6666666666666666,0.5,1.0,0.5,258,258,0,0
0.818,0.6666666666666666,0.5,1.0,0.5,258,258,0,0
0.819,0.6666666666666666,0.5,1.0,0.5,258,258,0,0
0.82,0.6666666666666666,0.5,1.0,0.5,258,258,0,0
0.821,0.6666666666666666,0.5,1.0,0.5,258,258,0,0
0.822,0.6666666666666666,0.5,1.0,0.5,258,258,0,0
0.823,0.6666666666666666,0.5,1.0,0.5,258,258,0,0
0.824,0.6666666666666666,0.5,1.0,0.5,258,258,0,0
0.825,0.6666666666666666,0.5,1.0,0.5,258,258,0,0
0.826,0.6666666666666666,0.5,1.0,0.5,258,258,0,0
0.827,0.6666666666666666,0.5,1.0,0.5,258,258,0,0
0.828,0.6666666666666666,0.5,1.0,0.5,258,258,0,0
0.829,0.6666666666666666,0.5,1.0,0.5,258,258,0,0
0.83,0.6666666666666666,0.5,1.0,0.5,258,258,0,0
0.831,0.6666666666666666,0.5,1.0,0.5,258,258,0,0
0.832,0.6666666666666666,0.5,1.0,0.5,258,258,0,0
0.833,0.6666666666666666,0.5,1.0,0.5,258,258,0,0
0.834,0.6666666666666666,0.5,1.0,0.5,258,258,0,0
0.835,0.6666666666666666,0.5,1.0,0.5,258,258,0,0
0.836,0.6666666666666666,0.5,1.0,0.5,258,258,0,0
0.837,0.6666666666666666,0.5,1.0,0.5,258,258,0,0
0.838,0.6666666666666666,0.5,1.0,0.5,258,258,0,0
0.839,0.6666666666666666,0.5,1.0,0.5,258,258,0,0
0.84,0.6666666666666666,0.5,1.0,0.5,258,258,0,0
0.841,0.6666666666666666,0.5,1.0,0.5,258,258,0,0
0.842,0.6666666666666666,0.5,1.0,0.5,258,258,0,0
0.843,0.6666666666666666,0.5,1.0,0.5,258,258,0,0
0.844,0.6666666666666666,0.5,1.0,0.5,258,258,0,0
0.845,0.6666666666666666,0.5,1.0,0.5,258,258,0,0
0.846,0.6666666666666666,0.5,1.0,0.5,258,258,0,0
0.847,0.6666666666666666,0.5,1.0,0.5,258,258,0,0
0.848,0.6666666666666666,0.5,1.0,0.5,258,258,0,0
0.849,0.6666666666666666,0.5,1.0,0.5,258,258,0,0
0.85,0.6666666666666666,0.5,1.0,0.5,258,258,0,0
0.851,0.6666666666666666,0.5,1.0,0.5,258,258,0,0
0.852,0.6666666666666666,0.5,1.0,0.5,258,258,0,0
0.853,0.6666666666666666,0.5,1.0,0.5,258,258,0,0
0.854,0.6666666666666666,0.5,1.0,0.5,258,258,0,0
0.855,0.6666666666666666,0.5,1.0,0.5,258,258,0,0
0.856,0.6666666666666666,0.5,1.0,0.5,258,258,0,0
0.857,0.6666666666666666,0.5,1.0,0.5,258,258,0,0
0.858,0.6666666666666666,0.5,1.0,0.5,258,258,0,0
0.859,0.6666666666666666,0.5,1.0,0.5,258,258,0,0
0.86,0.6666666666666666,0.5,1.0,0.5,258,258,0,0
0.861,0.6666666666666666,0.5,1.0,0.5,258,258,0,0
0.862,0.6666666666666666,0.5,1.0,0.5,258,258,0,0
0.863,0.6666666666666666,0.5,1.0,0.5,258,258,0,0
0.864,0.6666666666666666,0.5,1.0,0.5,258,258,0,0
0.865,0.6666666666666666,0.5,1.0,0.5,258,258,0,0
0.866,0.6666666666666666,0.5,1.0,0.5,258,258,0,0
0.867,0.6666666666666666,0.5,1.0,0.5,258,258,0,0
0.868,0.6666666666666666,0.5,1.0,0.5,258,258,0,0
0.869,0.6666666666666666,0.5,1.0,0.5,258,258,0,0
0.87,0.6666666666666666,0.5,1.0,0.5,258,258,0,0
0.871,0.6666666666666666,0.5,1.0,0.5,258,258,0,0
0.872,0.6666666666666666,0.5,1.0,0.5,258,258,0,0
0.873,0.6666666666666666,0.5,1.0,0.5,258,258,0,0
0.874,0.6666666666666666,0.5,1.0,0.5,258,258,0,0
0.875,0.6666666666666666,0.5,1.0,0.5,258,258,0,0
0.876,0.6666666666666666,0.5,1.0,0.5,258,258,0,0
0.877,0.6666666666666666,0.5,1.0,0.5,258,258,0,0
0.878,0.6666666666666666,0.5,1.0,0.5,258,258,0,0
0.879,0.6666666666666666,0.5,1.0,0.5,258,258,0,0
0.88,0.6666666666666666,0.5,1.0,0.5,258,258,0,0
0.881,0.6666666666666666,0.5,1.0,0.5,258,258,0,0
0.882,0.6666666666666666,0.5,1.0,0.5,258,258,0,0
0.883,0.6666666666666666,0.5,1.0,0.5,258,258,0,0
0.884,0.6666666666666666,0.5,1.0,0.5,258,258,0,0
0.885,0.6666666666666666,0.5,1.0,0.5,258,258,0,0
0.886,0.6666666666666666,0.5,1.0,0.5,258,258,0,0
0.887,0.6666666666666666,0.5,1.0,0.5,258,258,0,0
0.888,0.6666666666666666,0.5,1.0,0.5,258,258,0,0
0.889,0.6666666666666666,0.5,1.0,0.5,258,258,0,0
0.89,0.6666666666666666,0.5,1.0,0.5,258,258,0,0
0.891,0.6666666666666666,0.5,1.0,0.5,258,258,0,0
0.892,0.6666666666666666,0.5,1.0,0.5,258,258,0,0
0.893,0.6666666666666666,0.5,1.0,0.5,258,258,0,0
0.894,0.6666666666666666,0.5,1.0,0.5,258,258,0,0
0.895,0.6666666666666666,0.5,1.0,0.5,258,258,0,0
0.896,0.6666666666666666,0.5,1.0,0.5,258,258,0,0
0.897,0.6666666666666666,0.5,1.0,0.5,258,258,0,0
0.898,0.6666666666666666,0.5,1.0,0.5,258,258,0,0
0.899,0.6666666666666666,0.5,1.0,0.5,258,258,0,0
0.9,0.6666666666666666,0.5,1.0,0.5,258,258,0,0
0.901,0.6666666666666666,0.5,1.0,0.5,258,258,0,0
0.902,0.6666666666666666,0.5,1.0,0.5,258,258,0,0
0.903,0.6666666666666666,0.5,1.0,0.5,258,258,0,0
0.904,0.6666666666666666,0.5,1.0,0.5,258,258,0,0
0.905,0.6666666666666666,0.5,1.0,0.5,258,258,0,0
0.906,0.6666666666666666,0.5,1.0,0.5,258,258,0,0
0.907,0.6666666666666666,0.5,1.0,0.5,258,258,0,0
0.908,0.6666666666666666,0.5,1.0,0.5,258,258,0,0
0.909,0.6666666666666666,0.5,1.0,0.5,258,258,0,0
0.91,0.6666666666666666,0.5,1.0,0.5,258,258,0,0
0.911,0.6666666666666666,0.5,1.0,0.5,258,258,0,0
0.912,0.6666666666666666,0.5,1.0,0.5,258,258,0,0
0.913,0.6666666666666666,0.5,1.0,0.5,258,258,0,0
0.914,0.6666666666666666,0.5,1.0,0.5,258,258,0,0
0.915,0.6666666666666666,0.5,1.0,0.5,258,258,0,0
0.916,0.6666666666666666,0.5,1.0,0.5,258,258,0,0
0.917,0.6666666666666666,0.5,1.0,0.5,258,258,0,0
0.918,0.6666666666666666,0.5,1.0,0.5,258,258,0,0
0.919,0.6666666666666666,0.5,1.0,0.5,258,258,0,0
0.92,0.6666666666666666,0.5,1.0,0.5,258,258,0,0
0.921,0.6666666666666666,0.5,1.0,0.5,258,258,0,0
0.922,0.6666666666666666,0.5,1.0,0.5,258,258,0,0
0.923,0.6666666666666666,0.5,1.0,0.5,258,258,0,0
0.924,0.6666666666666666,0.5,1.0,0.5,258,258,0,0
0.925,0.6666666666666666,0.5,1.0,0.5,258,258,0,0
0.926,0.6666666666666666,0.5,1.0,0.5,258,258,0,0
0.927,0.6666666666666666,0.5,1.0,0.5,258,258,0,0
0.928,0.6666666666666666,0.5,1.0,0.5,258,258,0,0
0.929,0.6666666666666666,0.5,1.0,0.5,258,258,0,0
0.93,0.6666666666666666,0.5,1.0,0.5,258,258,0,0
0.931,0.6666666666666666,0.5,1.0,0.5,258,258,0,0
0.932,0.6666666666666666,0.5,1.0,0.5,258,258,0,0
0.933,0.6666666666666666,0.5,1.0,0.5,258,258,0,0
0.934,0.6666666666666666,0.5,1.0,0.5,258,258,0,0
0.935,0.6666666666666666,0.5,1.0,0.5,258,258,0,0
0.936,0.6666666666666666,0.5,1.0,0.5,258,258,0,0
0.937,0.6666666666666666,0.5,1.0,0.5,258,258,0,0
0.938,0.6666666666666666,0.5,1.0,0.5,258,258,0,0
0.939,0.6666666666666666,0.5,1.0,0.5,258,258,0,0
0.94,0.6666666666666666,0.5,1.0,0.5,258,258,0,0
0.941,0.6666666666666666,0.5,1.0,0.5,258,258,0,0
0.942,0.6666666666666666,0.5,1.0,0.5,258,258,0,0
0.943,0.6666666666666666,0.5,1.0,0.5,258,258,0,0
0.944,0.6666666666666666,0.5,1.0,0.5,258,258,0,0
0.945,0.6666666666666666,0.5,1.0,0.5,258,258,0,0
0.946,0.6666666666666666,0.5,1.0,0.5,258,258,0,0
0.947,0.6666666666666666,0.5,1.0,0.5,258,258,0,0
0.948,0.6666666666666666,0.5,1.0,0.5,258,258,0,0
0.949,0.6666666666666666,0.5,1.0,0.5,258,258,0,0
0.95,0.6666666666666666,0.5,1.0,0.5,258,258,0,0
0.951,0.6666666666666666,0.5,1.0,0.5,258,258,0,0
0.952,0.6666666666666666,0.5,1.0,0.5,258,258,0,0
0.953,0.6666666666666666,0.5,1.0,0.5,258,258,0,0
0.954,0.6666666666666666,0.5,1.0,0.5,258,258,0,0
0.955,0.6666666666666666,0.5,1.0,0.5,258,258,0,0
0.956,0.6666666666666666,0.5,1.0,0.5,258,258,0,0
0.957,0.6666666666666666,0.5,1.0,0.5,258,258,0,0
0.958,0.6666666666666666,0.5,1.0,0.5,258,258,0,0
0.959,0.6666666666666666,0.5,1.0,0.5,258,258,0,0
0.96,0.6666666666666666,0.5,1.0,0.5,258,258,0,0
0.961,0.6666666666666666,0.5,1.0,0.5,258,258,0,0
0.962,0.6666666666666666,0.5,1.0,0.5,258,258,0,0
0.963,0.6666666666666666,0.5,1.0,0.5,258,258,0,0
0.964,0.6666666666666666,0.5,1.0,0.5,258,258,0,0
0.965,0.6666666666666666,0.5,1.0,0.5,258,258,0,0
0.966,0.6666666666666666,0.5,1.0,0.5,258,258,0,0
0.967,0.6666666666666666,0.5,1.0,0.5,258,258,0,0
0.968,0.6666666666666666,0.5,1.0,0.5,258,258,0,0
0.969,0.6666666666666666,0.5,1.0,0.5,258,258,0,0
0.97,0.6666666666666666,0.5,1.0,0.5,258,258,0,0
0.971,0.6666666666666666,0.5,1.0,0.5,258,258,0,0
0.972,0.6666666666666666,0.5,1.0,0.5,258,258,0,0
0.973,0.6666666666666666,0.5,1.0,0.5,258,258,0,0
0.974,0.6666666666666666,0.5,1.0,0.5,258,258,0,0
0.975,0.6666666666666666,0.5,1.0,0.5,258,258,0,0
0.976,0.6666666666666666,0.5,1.0,0.5,258,258,0,0
0.977,0.6666666666666666,0.5,1.0,0.5,258,258,0,0
0.978,0.6666666666666666,0.5,1.0,0.5,258,258,0,0
0.979,0.6666666666666666,0.5,1.0,0.5,258,258,0,0
0.98,0.6666666666666666,0.5,1.0,0.5,258,258,0,0
0.981,0.6666666666666666,0.5,1.0,0.5,258,258,0,0
0.982,0.6666666666666666,0.5,1.0,0.5,258,258,0,0
0.983,0.6666666666666666,0.5,1.0,0.5,258,258,0,0
0.984,0.6666666666666666,0.5,1.0,0.5,258,258,0,0
0.985,0.6666666666666666,0.5,1.0,0.5,258,258,0,0
0.986,0.6666666666666666,0.5,1.0,0.5,258,258,0,0
0.987,0.6666666666666666,0.5,1.0,0.5,258,258,0,0
0.988,0.6666666666666666,0.5,1.0,0.5,258,258,0,0
0.989,0.6666666666666666,0.5,1.0,0.5,258,258,0,0
0.99,0.6666666666666666,0.5,1.0,0.5,258,258,0,0
0.991,0.6666666666666666,0.5,1.0,0.5,258,258,0,0
0.992,0.6666666666666666,0.5,1.0,0.5,258,258,0,0
0.993,0.6666666666666666,0.5,1.0,0.5,258,258,0,0
0.994,0.6666666666666666,0.5,1.0,0.5,258,258,0,0
0.995,0.6666666666666666,0.5,1.0,0.5,258,258,0,0
0.996,0.6666666666666666,0.5,1.0,0.5,258,258,0,0
0.997,0.6666666666666666,0.5,1.0,0.5,258,258,0,0
0.998,0.6666666666666666,0.5,1.0,0.5,258,258,0,0
0.999,0.6666666666666666,0.5,1.0,0.5,258,258,0,0
1.0,0.6666666666666666,0.5,1.0,0.5,258,258,0,0
